{
  "faculty_id": {
    "mean": 60.5,
    "std": 34.785054261852174
  },
  "courses_assigned": {
    "mean": 3.433333333333333,
    "std": 1.221194712816365
  },
  "weekly_teaching_hours": {
    "mean": 12.008333333333333,
    "std": 2.9031881441891128
  },
  "total_students_handled": {
    "mean": 42.38333333333333,
    "std": 30.790477446778254
  },
  "admin_roles_count": {
    "mean": 0.7166666666666667,
    "std": 0.8217968970834718
  },
  "years_of_experience": {
    "mean": 11.291666666666666,
    "std": 7.701790508109938
  },
  "preparation_hours_per_week": {
    "mean": 5.791666666666667,
    "std": 3.6761440515463066
  },
  "workload_risk": {
    "mean": 0.23333333333333334,
    "std": 0.42472597855881755
  }
}